Item Code,Lot Number,Unit Weight,Complexity Code,Product Group,Stock Value,Product Category Description,IMAGE
510561VTAK2B00,T434EDB,56,High,Rings,10000,Necklace,https://jewbridge.titanjew.in/CatalogImages/api/ImageFetch/?Type=ProductImages&ImageName=0561VTA.jpg
510561VTAM2B00,T434EDO,39.52,High,Rings,10000,Ring,https://jewbridge.titanjew.in/CatalogImages/api/ImageFetch/?Type=ProductImages&ImageName=0561VTA.jpg
513017CROFAA00,W2BH2LD,57.02,High,Rings,10000,Ring,https://jewbridge.titanjew.in/CatalogImages/api/ImageFetch/?Type=ProductImages&ImageName=3017CRO.jpg
513018CUMGAA00,W2BH2LD,57.02,High,Rings,10000,Ring,https://jewbridge.titanjew.in/CatalogImages/api/ImageFetch/?Type=ProductImages&ImageName=3018CUM.jpg
511107CTDMAA00,W2BH2LD,57.02,High,Rings,10000,Ring,https://jewbridge.titanjew.in/CatalogImages/api/ImageFetch/?Type=ProductImages&ImageName=1107CTD.jpg
